Transaction Number,First Name,Surname,Place of Birth,Street Name,House Number,Zip Code,City,E-Mail,Mobile Number
12345678,John,Doe,New York,Main St,123,10001,New York,johndoe@email.com,012345678901
23456789,Jane,Smith,Los Angeles,Maple Ave,456,90001,Los Angeles,janesmith@email.com,012345678902
34567890,Bob,Johnson,Chicago,Oak St,789,60601,Chicago,bobjohnson@email.com,012345678903
45678901,Alice,Williams,San Francisco,Pine St,101,94101,San Francisco,alicewilliams@email.com,012345678904
56789012,Charlie,Brown,Miami,Beach Blvd,202,33101,Miami,charliebrown@email.com,012345678905
67890123,Emma,Miller,Seattle,Willow St,303,98101,Seattle,emmamiller@email.com,012345678906
78901234,David,Jones,Austin,Cedar St,404,73301,Austin,davidjones@email.com,012345678907
89012345,Sophia,Davis,Denver,Mountain Ave,505,80202,Denver,sophiadavis@email.com,012345678908
90123456,Mason,Moore,Phoenix,Sunrise Blvd,606,85001,Phoenix,masonmoore@email.com,012345678909
11223344,Olivia,Anderson,Atlanta,Peachtree St,707,30301,Atlanta,oliviaanderson@email.com,012345678910
